id;name;active;create_date;updated_date
1;Handmade 24/7 Re-contextualized;true;2019-10-23T11:55:59;2019-10-23T09:28:22
2;Orchestrator deliver;true;2019-10-23T18:35:34;2019-10-23T01:35:59
3;Gloves Bedfordshire Argentine Peso;true;2019-10-23T06:34:43;2019-10-23T12:56:13
4;red firewall open-source;false;2019-10-23T05:16:33;2019-10-23T18:27:06
5;Quality;false;2019-10-23T11:28:42;2019-10-23T08:20:02
6;hacking Forint bandwidth;false;2019-10-22T22:34:03;2019-10-23T07:45:55
7;Fiji Dollar Profound Bacon;true;2019-10-23T07:26:07;2019-10-23T08:21:38
8;content-based Executive;true;2019-10-22T23:13:37;2019-10-23T07:21:39
9;THX pink even-keeled;true;2019-10-23T03:20:13;2019-10-23T00:26:25
10;SCSI drive THX;true;2019-10-23T18:44:26;2019-10-22T22:18:17
